Year,Season,FF-HadRM3-Q0_afgcx,FF-HadRM3-Q3_afixa,FF-HadRM3-Q4_afixc,FF-HadRM3-Q6_afixh,FF-HadRM3-Q9_afixi,FF-HadRM3-Q8_afixj,FF-HadRM3-Q10_afixk,FF-HadRM3-Q14_afixl,FF-HadRM3-Q11_afixm,FF-HadRM3-Q13_afixo,FF-HadRM3-Q16_afixq
2000,DJF,80.91443333333333,73.53633333333333,78.5969,77.3781,77.49376666666667,78.96873333333333,76.70496666666666,74.81173333333334,78.5009,78.09883333333333,78.08173333333333
2000,MAM,84.87656666666666,74.60643333333333,82.95280000000001,81.3535,82.53073333333333,80.33696666666667,78.24496666666666,76.85603333333334,83.2457,82.46973333333334,80.86880000000001
2000,JJA,82.01530000000001,73.5357,81.98819999999999,80.16393333333333,81.6993,79.06766666666665,77.1011,78.42293333333333,83.35940000000001,82.29910000000001,80.82
2000,SON,81.51253333333334,72.26153333333333,79.3381,78.02793333333334,79.16526666666668,78.30336666666666,75.40063333333333,76.89829999999999,80.2074,79.55083333333333,78.49673333333334
2001,DJF,81.92106666666666,72.8753,78.65746666666666,80.78786666666667,81.2443,78.4167,76.85756666666667,77.46096666666666,78.12259999999999,78.82126666666666,79.3787
2001,MAM,86.52343333333333,76.852,83.90593333333332,83.97883333333334,81.29866666666668,81.36673333333333,76.6452,81.7007,82.46306666666668,86.3875,87.11796666666667
2001,JJA,84.2714,78.00306666666667,81.84276666666666,84.89986666666667,81.35986666666666,79.55113333333334,77.47359999999999,80.65766666666667,80.95986666666666,83.7242,86.23236666666666
2001,SON,80.7568,76.21940000000001,79.23286666666667,81.01766666666667,83.98836666666666,79.16536666666667,77.2079,78.37153333333333,78.5976,80.40306666666667,82.10453333333334
2002,DJF,83.65213333333334,75.16000000000001,78.39896666666667,80.56986666666667,84.16143333333333,76.41236666666667,83.23556666666667,76.11456666666668,77.23053333333333,79.16613333333333,78.12986666666667
2002,MAM,87.46820000000001,77.86356666666667,82.6863,85.38956666666667,87.57723333333333,75.83663333333334,87.6496,76.32459999999999,78.4593,85.30086666666666,80.06356666666666
2002,JJA,86.28653333333334,79.5405,81.28793333333333,82.18893333333334,83.26853333333334,74.30726666666668,84.74573333333333,76.13876666666665,79.91923333333334,83.21636666666667,78.07596666666666
2002,SON,84.7682,77.70036666666667,81.16866666666667,80.71476666666668,80.1434,74.2151,82.26406666666666,75.59946666666667,78.49770000000001,80.13486666666667,76.2268
2003,DJF,80.21903333333334,76.30753333333332,78.57586666666667,82.92083333333333,77.28973333333333,76.1759,83.2894,77.23283333333333,79.45453333333334,77.5613,76.66
2003,MAM,82.53269999999999,80.28179999999999,82.47136666666667,86.01136666666667,80.34466666666667,73.97573333333334,85.93486666666666,81.37133333333333,82.68643333333334,79.0999,80.24856666666666
2003,JJA,81.1695,78.99023333333334,80.9746,82.50036666666666,78.81736666666667,72.93366666666667,85.0105,81.59046666666667,82.536,79.63583333333334,81.26
2003,SON,78.7758,76.997,78.71563333333334,79.66993333333333,76.85333333333334,73.86066666666666,83.837,79.13103333333333,79.70886666666667,78.15429999999999,80.31296666666667
2004,DJF,82.12323333333333,75.61846666666666,77.6747,79.01393333333333,76.18656666666666,82.39713333333333,82.03133333333334,78.11773333333333,79.11253333333333,77.6148,82.37623333333333
2004,MAM,88.41543333333334,75.39706666666666,78.78913333333333,84.47093333333333,80.56673333333333,88.2368,81.77446666666667,80.57683333333334,83.07823333333333,81.4461,84.59733333333332
2004,JJA,83.71663333333333,79.43126666666666,81.5733,82.4166,78.93073333333332,83.75916666666667,79.6621,79.9896,81.54903333333333,79.84396666666667,84.20886666666667
2004,SON,80.3904,77.94926666666667,80.65296666666667,79.6173,76.94716666666666,81.31543333333333,82.01523333333334,77.91963333333332,79.02673333333333,77.70823333333333,82.35243333333334
2005,DJF,78.78320000000001,79.4997,81.20943333333334,78.89946666666667,76.8148,79.79313333333333,83.00566666666667,75.92516666666667,76.00086666666668,78.46153333333332,82.56920000000001
2005,MAM,82.0702,81.8639,85.27636666666666,83.3761,78.3467,83.82256666666666,87.06906666666667,78.3357,75.78956666666666,82.22043333333333,86.1195
2005,JJA,83.34113333333333,80.86399999999999,86.13803333333333,84.20043333333332,82.915,82.77523333333333,83.76400000000001,77.76993333333333,74.7518,85.19603333333333,83.07353333333333
2005,SON,80.96640000000001,80.809,82.07636666666666,81.17746666666666,81.52846666666666,80.23266666666667,81.48203333333333,75.97473333333333,75.05906666666667,81.68236666666667,80.7695
2006,DJF,77.53646666666667,81.906,85.32836666666667,79.08569999999999,79.04486666666666,78.65653333333334,78.2737,76.67663333333333,76.20546666666667,82.1232,78.2454
2006,MAM,78.8245,83.6472,88.03236666666668,81.5933,83.6673,81.99253333333333,80.39256666666667,79.37316666666668,81.1891,86.85883333333334,81.55956666666667
2006,JJA,79.24283333333334,80.65750000000001,84.98806666666667,80.13613333333333,81.65306666666667,83.4347,79.36606666666667,78.2803,82.6617,84.17856666666667,79.79233333333333
2006,SON,77.21826666666668,79.8411,83.03833333333334,77.94873333333334,79.10053333333333,80.77586666666667,77.31786666666666,76.43006666666666,80.26803333333334,81.68036666666667,77.66483333333333
2007,DJF,76.9243,79.55013333333333,82.40876666666666,76.93733333333334,77.58633333333334,77.55919999999999,75.85593333333334,80.911,77.95676666666667,81.48903333333332,75.9252
2007,MAM,83.66396666666667,84.50963333333333,89.19743333333334,78.47676666666666,80.9282,80.07573333333333,79.3695,85.75103333333334,80.90656666666666,87.43256666666666,78.31846666666667
2007,JJA,81.66033333333333,81.35586666666667,89.84506666666668,80.23426666666667,81.28536666666668,78.29656666666666,77.93136666666668,87.18996666666668,79.82396666666666,83.79623333333333,79.34546666666667
2007,SON,79.29923333333333,79.22496666666666,85.03373333333333,78.87153333333333,78.842,76.41359999999999,76.11313333333334,84.61649999999999,77.69133333333333,80.44403333333334,77.53783333333332
2008,DJF,77.37866666666667,76.59656666666666,81.9489,79.65906666666666,77.92476666666666,77.2546,78.77333333333333,80.4677,77.01003333333334,79.02300000000001,76.8908
2008,MAM,80.5548,77.90306666666667,87.78943333333332,84.3446,83.95793333333334,80.17166666666667,83.48883333333333,83.13393333333333,79.81349999999999,83.21523333333333,80.6762
2008,JJA,80.05573333333332,78.84503333333333,87.84173333333332,83.75580000000001,82.82186666666666,79.4772,82.64323333333333,81.7742,79.59836666666666,82.75776666666667,81.1318
2008,SON,77.88683333333334,76.91316666666667,82.98206666666667,80.4309,79.87633333333333,78.89083333333333,80.07606666666668,81.42736666666667,77.62616666666666,79.85133333333333,78.73856666666666
2009,DJF,76.53366666666666,76.89110000000001,79.9389,80.93566666666666,79.10216666666666,76.32243333333334,79.61710000000001,80.99683333333333,79.90403333333333,76.58043333333333,77.76233333333333
2009,MAM,80.44279999999999,80.01833333333333,84.4801,87.15696666666668,85.93520000000001,76.60473333333333,83.21016666666667,86.00786666666666,83.4751,78.67083333333333,82.22656666666667
2009,JJA,79.48143333333333,82.09823333333333,81.69863333333333,82.8592,83.1581,74.9729,83.18883333333333,83.19216666666667,81.0088,77.64273333333334,81.39443333333334
2009,SON,77.43813333333334,80.29283333333333,79.13266666666668,79.89333333333333,80.10566666666666,73.54653333333333,80.84443333333333,80.767,81.02763333333333,75.8602,78.92383333333333
2010,DJF,81.41753333333334,77.02133333333333,78.7882,78.04026666666667,82.2642,72.40883333333333,78.14613333333334,78.7894,83.80213333333334,75.14473333333333,77.0948
2010,MAM,86.4613,77.80523333333333,81.71033333333334,81.35713333333332,86.47623333333333,74.25776666666667,80.43526666666666,84.2802,86.37143333333334,79.805,80.2172
2010,JJA,83.34313333333334,76.24706666666667,80.89983333333333,81.71706666666667,83.31356666666666,73.8629,78.66863333333333,82.85996666666666,84.57966666666665,78.61903333333333,80.70963333333333
2010,SON,81.05563333333333,74.89303333333334,80.31150000000001,79.56613333333333,80.33823333333333,72.91646666666666,76.8468,79.90053333333334,82.03133333333334,76.68633333333332,78.41083333333334
2011,DJF,84.21646666666668,75.13963333333334,79.68996666666668,78.3924,76.17129999999999,74.1743,76.80413333333333,78.1989,81.90820000000001,76.2402,78.47043333333333
2011,MAM,87.76803333333334,76.36686666666667,83.48263333333334,79.0926,76.56670000000001,79.01586666666667,79.29466666666667,83.5768,86.7376,79.53993333333334,82.38996666666667
2011,JJA,82.627,77.81846666666667,83.34283333333333,80.6755,75.19613333333334,78.28773333333334,77.9575,82.41783333333333,84.61666666666667,78.38273333333333,83.54963333333333
2011,SON,81.8505,77.09486666666668,80.45576666666666,79.76503333333334,73.7436,77.1655,76.58363333333334,79.61756666666666,81.40066666666667,76.48766666666667,81.50586666666668
2012,DJF,80.25183333333332,76.42386666666667,79.6189,84.25663333333334,73.35916666666667,75.57216666666666,78.6741,77.3008,80.9955,75.64816666666667,79.18003333333333
2012,MAM,82.86916666666667,78.76866666666666,82.14473333333333,91.23093333333333,77.28586666666666,77.22496666666667,84.2235,79.5865,83.35086666666668,80.45813333333334,79.86526666666667
2012,JJA,82.05543333333334,80.77603333333333,82.9479,87.95936666666667,77.52146666666665,77.49496666666666,81.2341,79.52766666666666,81.227,79.85106666666667,83.08913333333334
2012,SON,79.57176666666668,78.50656666666667,82.38816666666666,82.30993333333333,75.7571,75.7373,78.87,77.92576666666666,79.21313333333335,77.71640000000001,80.06613333333333
2013,DJF,78.72416666666668,76.85736666666666,82.62830000000001,82.59173333333332,74.9275,74.38726666666666,77.5967,76.92186666666667,78.3622,76.00856666666667,79.61200000000001
2013,MAM,82.5763,79.45396666666666,85.92463333333335,85.70193333333333,77.52153333333332,76.45103333333334,81.22133333333333,78.8347,82.88163333333334,79.60166666666667,82.77043333333334
2013,JJA,81.63306666666666,79.0321,82.26166666666667,82.21953333333333,77.28703333333334,76.50866666666667,82.24113333333334,79.5303,82.8689,79.87556666666667,82.53633333333333
2013,SON,79.19723333333333,78.2051,79.6412,79.4874,77.1804,74.8977,79.52556666666668,78.19926666666667,79.91796666666666,77.73386666666666,79.78003333333334
2014,DJF,78.77749999999999,75.2935,81.39673333333333,77.44103333333334,77.7881,77.2119,77.21839999999999,81.19656666666667,78.37866666666666,78.992,83.05720000000001
2014,MAM,81.5489,76.04886666666665,86.17436666666667,80.37826666666666,82.89356666666667,77.73983333333332,79.708,87.9978,83.47943333333335,88.81253333333332,85.76693333333333
2014,JJA,81.883,75.58063333333332,85.80166666666666,81.5998,81.54923333333333,81.49303333333334,78.81493333333333,83.55916666666667,83.4469,83.0898,83.0888
2014,SON,79.27373333333333,74.0815,83.28286666666666,79.33,79.0272,82.3698,78.0724,80.30253333333333,80.47636666666666,80.03386666666667,80.05246666666666
2015,DJF,79.73823333333333,74.42113333333333,80.77663333333334,78.5467,78.0433,79.18243333333334,75.13373333333332,78.4748,80.471,82.68816666666667,76.81439999999999
2015,MAM,81.89106666666667,78.2176,85.95343333333334,84.00523333333332,80.14613333333334,81.28213333333333,76.83139999999999,81.54899999999999,83.93860000000001,87.63633333333333,77.34533333333333
2015,JJA,83.17003333333334,77.35446666666667,83.68526666666666,85.49636666666667,80.09713333333333,80.33003333333333,75.6309,82.0016,81.1784,85.54216666666666,77.779
2015,SON,81.88526666666667,76.32213333333334,80.3744,81.2926,77.93173333333333,78.11053333333332,74.12563333333333,79.58456666666666,78.7571,84.5313,76.04503333333334
2016,DJF,80.6036,74.72019999999999,80.26733333333334,78.7757,78.4284,75.63843333333334,74.73196666666666,79.3593,76.10836666666667,82.20283333333333,74.55956666666667
2016,MAM,83.495,74.4771,86.55656666666668,81.33733333333333,82.4229,78.3196,80.45519999999999,85.80616666666667,76.82426666666667,86.74316666666665,76.82119999999999
2016,JJA,81.27409999999999,73.53686666666667,85.2362,79.75863333333332,80.43956666666666,77.1453,79.21986666666668,84.40443333333333,77.39006666666667,82.65383333333334,76.5565
2016,SON,78.8275,72.5533,82.74136666666668,77.94403333333334,78.26729999999999,75.43623333333333,77.19053333333333,80.75973333333333,75.82253333333334,79.76633333333332,74.93626666666667
2017,DJF,76.6594,76.4977,78.87603333333334,77.34526666666666,79.40326666666667,74.47513333333333,75.79653333333333,79.56656666666667,80.3999,78.17876666666666,75.01673333333333
2017,MAM,78.42970000000001,77.17273333333334,79.77853333333333,82.3749,82.62536666666666,72.73363333333333,76.59503333333333,85.03213333333333,87.18073333333332,82.96696666666666,78.07443333333333
2017,JJA,77.56033333333333,84.0089,79.098,84.2427,82.95566666666667,72.0946,78.05336666666666,81.76639999999999,82.89920000000001,81.12323333333333,77.5018
2017,SON,76.14983333333333,83.3866,77.65406666666667,80.70973333333333,81.64996666666667,74.93043333333333,77.3756,79.19553333333333,79.91783333333333,79.3898,75.74033333333334
2018,DJF,79.07503333333334,79.90923333333333,77.33273333333334,79.93503333333334,83.62373333333333,77.96929999999999,78.98256666666667,77.89146666666666,79.34830000000001,78.65436666666666,74.41703333333334
2018,MAM,84.13709999999999,82.9386,80.49356666666667,85.46296666666667,87.72853333333335,79.67966666666666,84.56830000000001,82.47716666666668,86.18573333333335,83.49863333333333,75.95253333333334
2018,JJA,82.1118,82.99083333333333,79.78833333333334,84.2315,82.6145,78.16386666666666,81.769,83.3059,82.94009999999999,81.03016666666666,77.2581
2018,SON,79.41566666666667,80.41273333333334,79.49,80.7013,79.7417,79.03806666666667,79.98610000000001,80.17473333333334,79.95049999999999,78.64710000000001,76.12143333333334
2019,DJF,77.45960000000001,78.4898,81.7549,79.70479999999999,77.63853333333333,81.97579999999999,79.40763333333332,79.2308,78.2405,78.70123333333333,75.798
2019,MAM,80.89223333333332,82.0172,86.57056666666666,87.71003333333333,80.83516666666667,86.45383333333332,83.35413333333334,84.58806666666666,82.14023333333334,84.58976666666666,80.54073333333334
2019,JJA,81.56753333333333,83.967,83.24680000000001,86.29653333333333,80.3,82.59123333333334,85.89993333333332,82.47083333333333,81.7824,82.6718,79.5367
2019,SON,79.05096666666667,80.80919999999999,82.35953333333333,81.96286666666667,78.5684,80.34779999999999,82.29386666666666,79.75133333333333,79.53436666666666,79.78416666666666,77.46216666666668
2020,DJF,77.7522,78.1767,82.5896,79.07406666666667,76.77980000000001,79.1541,79.34343333333334,76.76136666666667,76.00893333333333,78.312,76.5894
2020,MAM,81.18663333333333,80.5597,85.85956666666668,82.58120000000001,78.64816666666667,83.9278,81.09953333333334,79.49416666666667,77.41413333333334,82.61036666666666,80.45216666666666
2020,JJA,82.66003333333333,79.9328,81.81266666666666,82.63933333333334,77.89113333333334,85.16246666666666,80.43413333333334,78.34036666666667,76.0129,81.63709999999999,81.874
2020,SON,79.9864,77.9285,79.2145,79.9344,77.05583333333334,81.58396666666665,79.3738,76.4511,74.459,79.47343333333333,79.2737
2021,DJF,78.27396666666667,80.2878,79.5616,79.19330000000001,79.47993333333334,78.8118,78.2679,77.05736666666667,74.59593333333333,76.84266666666667,77.0346
2021,MAM,81.7803,82.1806,83.88096666666667,85.06779999999999,87.65533333333333,81.8162,78.68036666666667,79.75973333333333,78.53046666666667,78.78699999999999,77.24033333333334
2021,JJA,80.08273333333334,85.84096666666666,83.31763333333333,83.2683,83.04936666666667,80.75183333333332,78.89659999999999,80.83760000000001,79.32273333333335,77.18256666666667,77.11203333333333
2021,SON,77.9052,82.84313333333334,81.1047,80.14053333333334,80.0086,78.61456666666668,78.14086666666667,78.66353333333335,77.28703333333334,75.47123333333333,77.18013333333333
2022,DJF,76.68463333333334,81.56186666666667,80.68396666666666,79.94236666666667,79.2976,79.40763333333332,79.6982,79.62896666666667,78.76076666666667,79.91986666666666,78.71390000000001
2022,MAM,79.23583333333333,85.22406666666667,85.79593333333332,86.31283333333333,85.48443333333334,87.73726666666666,84.38836666666667,86.34406666666666,82.67196666666666,85.73413333333333,81.72523333333334
2022,JJA,81.7573,81.75173333333333,83.65056666666668,84.5566,83.84556666666667,85.40853333333332,84.61903333333333,85.2375,80.14046666666667,82.49706666666667,81.80193333333334
2022,SON,79.62263333333334,81.10719999999999,80.35973333333334,81.70953333333334,80.47413333333333,81.90323333333333,81.74396666666667,81.65320000000001,77.95026666666666,80.25349999999999,79.87476666666667
2023,DJF,77.4682,81.08113333333334,81.48676666666667,78.443,77.78436666666666,82.40129999999999,81.13856666666668,81.80669999999999,76.5236,83.18746666666668,84.50263333333334
2023,MAM,80.91613333333333,84.28123333333333,89.57476666666666,81.30613333333334,80.64093333333334,83.03716666666666,86.12596666666667,86.0493,79.95606666666667,87.16606666666667,89.5347
2023,JJA,79.60379999999999,81.11886666666668,84.8198,79.95026666666666,78.98596666666667,82.4636,85.32803333333334,83.23703333333333,80.03086666666667,83.52156666666667,84.73633333333333
2023,SON,77.50866666666667,79.53956666666666,82.06683333333332,77.79540000000001,76.9934,82.49743333333333,82.02426666666666,82.69923333333334,77.86746666666666,81.09186666666666,80.92733333333332
2024,DJF,75.72253333333333,78.48316666666666,79.08909999999999,77.07993333333333,75.6419,81.0351,79.1136,80.8848,77.46963333333333,78.611,79.8902
2024,MAM,78.61813333333333,80.07533333333333,82.64653333333332,82.27193333333334,77.833,85.1594,80.4524,83.4365,81.347,80.63556666666666,84.57796666666667
2024,JJA,79.09643333333334,81.30016666666667,81.6764,82.91836666666667,78.11829999999999,84.93136666666668,79.9601,84.17036666666667,80.57846666666666,79.7126,84.92960000000001
2024,SON,77.09446666666666,80.0619,80.02846666666666,79.93593333333332,77.00336666666668,82.7538,79.34246666666667,82.396,78.30503333333333,77.69516666666667,81.03363333333333
2025,DJF,78.1354,85.07516666666668,77.05916666666667,78.78403333333334,75.8223,80.17649999999999,78.54863333333333,78.07093333333334,76.77343333333333,80.2708,77.7602
2025,MAM,81.40026666666667,89.25663333333334,79.37723333333334,85.01383333333332,78.45353333333334,82.4225,80.60556666666666,79.23706666666668,80.61489999999999,85.48843333333333,79.15653333333334
2025,JJA,84.1396,83.31556666666667,78.53806666666667,84.80826666666667,78.7271,80.22216666666667,81.10266666666666,77.75240000000001,80.57983333333333,81.74973333333334,78.4633
2025,SON,81.81223333333334,80.57666666666667,76.61743333333334,81.33223333333332,76.78226666666667,80.0625,79.60863333333333,75.95756666666666,78.3119,79.16923333333334,76.89563333333334
2026,DJF,78.93556666666666,78.9368,77.24013333333333,78.6544,75.4258,78.74203333333334,79.28533333333333,75.9396,76.02976666666667,81.96026666666667,75.48463333333333
2026,MAM,77.59033333333333,78.9268,83.2278,81.19393333333333,74.63456666666667,79.63393333333333,81.64866666666667,78.46666666666667,77.89020000000001,83.7894,74.89773333333333
2026,JJA,75.91539999999999,77.37293333333334,83.5004,81.34653333333334,74.65096666666666,79.83786666666667,80.36203333333333,77.44226666666667,77.5046,81.66550000000001,76.92383333333333
2026,SON,76.7688,77.52803333333334,80.39836666666666,79.60026666666666,75.26543333333332,80.56343333333332,78.17373333333335,75.71636666666666,75.76350000000001,80.3392,76.9378
2027,DJF,81.6846,76.34949999999999,81.52300000000001,78.3451,76.95656666666666,83.15746666666666,79.02583333333332,78.245,77.995,83.48183333333333,74.97856666666667
2027,MAM,87.5896,78.5757,85.55273333333334,84.5456,79.11336666666666,87.8666,81.31586666666666,84.52056666666667,81.35863333333333,88.5442,76.55303333333333
2027,JJA,84.01443333333333,78.10036666666666,82.12753333333333,82.9011,81.37416666666667,84.29013333333334,79.97343333333333,83.96826666666668,80.5788,85.24876666666667,77.40176666666666
2027,SON,80.55713333333334,76.62396666666666,81.98816666666666,79.92416666666666,79.07713333333334,82.69656666666667,78.23166666666667,80.62603333333334,78.40683333333332,81.6009,75.6742
2028,DJF,79.54036666666667,79.57853333333334,82.5304,78.1768,78.62689999999999,81.06439999999999,82.2319,85.03113333333333,76.7572,78.52743333333333,75.51656666666666
2028,MAM,85.2779,86.3021,90.2575,81.68643333333334,82.2552,82.17523333333334,85.63103333333333,88.4339,77.65536666666667,82.2671,76.93169999999999
2028,JJA,82.16266666666667,82.38926666666667,86.3888,82.88246666666667,80.2735,82.7668,82.21773333333333,83.60036666666667,81.18663333333333,80.23126666666667,78.04996666666666
2028,SON,79.44996666666667,79.59873333333333,81.91526666666667,79.92853333333333,78.057,81.03946666666667,79.6223,80.47966666666667,79.13896666666666,78.02353333333333,77.69403333333334
2029,DJF,80.8277,78.7001,79.1015,77.1532,77.28949999999999,83.36003333333333,77.5856,84.3076,77.4064,77.95706666666666,79.16436666666667
2029,MAM,82.3109,80.27626666666667,79.67333333333333,77.54786666666666,81.72196666666666,86.60793333333334,81.1807,90.90590000000002,82.1194,83.20053333333333,82.04746666666666
2029,JJA,83.69313333333334,79.6347,79.62273333333333,77.563,82.83896666666666,83.77466666666668,79.90073333333333,85.71319999999999,80.1262,82.98360000000001,87.38283333333334
2029,SON,83.95530000000001,78.584,78.31973333333333,77.41993333333333,79.99073333333332,80.53723333333333,77.75563333333334,81.37103333333333,77.9387,79.9855,84.40343333333333
2030,DJF,86.50703333333333,76.8537,81.05536666666666,79.59916666666668,77.22236666666667,79.5653,76.04943333333334,79.58476666666667,75.15963333333333,81.19156666666667,82.22093333333333
2030,MAM,89.6551,80.1871,85.47316666666666,85.36676666666666,80.06053333333334,80.85706666666667,77.52553333333333,83.8918,75.07486666666667,86.68400000000001,86.23033333333335
2030,JJA,83.77526666666667,79.77120000000001,82.6173,84.3827,79.77783333333333,84.01666666666667,78.1726,83.02393333333333,76.02066666666667,83.4337,82.62766666666667
2030,SON,80.48646666666667,77.64966666666668,79.7505,80.83903333333333,77.65906666666666,83.7149,76.778,80.00776666666667,74.6047,80.48416666666667,79.95
2031,DJF,78.30163333333333,74.64683333333333,81.2041,82.05376666666666,76.29363333333333,83.9129,75.97473333333333,76.66106666666667,76.8775,86.93646666666666,77.06216666666667
2031,MAM,82.6726,75.8575,85.44456666666667,84.5733,78.85793333333334,88.8166,75.94746666666667,78.51106666666666,82.9307,92.52063333333332,78.78306666666667
2031,JJA,80.90976666666667,74.90286666666667,82.54773333333333,82.88,78.65783333333333,82.98803333333333,75.35183333333333,77.05076666666666,81.65576666666666,86.76803333333334,77.87106666666666
2031,SON,78.556,73.50953333333332,81.2765,80.08866666666667,76.84123333333334,80.55056666666667,77.48783333333334,75.35539999999999,79.11196666666667,82.05056666666667,76.8874
2032,DJF,79.24066666666667,72.06053333333334,82.46676666666667,84.2319,79.85026666666666,79.86116666666668,79.45426666666667,76.8535,79.2001,79.1618,77.4953
2032,MAM,83.34870000000001,72.90859999999999,84.77343333333333,87.06736666666666,83.776,83.59903333333334,85.2847,83.62376666666667,82.67873333333334,80.0228,83.71786666666667
2032,JJA,83.78326666666668,72.85719999999999,81.61880000000001,84.98313333333334,81.71773333333333,85.67439999999999,82.37650000000001,81.20726666666667,82.64606666666667,78.02153333333334,85.66663333333334
2032,SON,81.8947,72.18256666666666,79.07643333333334,81.0494,81.36023333333333,82.62546666666667,79.59453333333333,78.82186666666666,79.8097,76.6641,81.80153333333334
2033,DJF,79.86933333333333,73.12196666666667,77.47736666666667,79.01823333333333,81.806,80.83893333333333,80.01263333333334,80.33646666666667,77.75496666666668,79.34133333333334,78.3551
2033,MAM,84.11253333333333,78.26116666666667,81.60770000000001,82.598,86.79016666666666,84.23790000000001,87.2058,84.6929,80.83993333333333,83.382,80.66813333333333
2033,JJA,81.96433333333334,78.67463333333333,81.18963333333333,80.25496666666668,84.54253333333334,83.25656666666667,83.02850000000001,81.8947,80.139,81.4541,79.7058
2033,SON,79.3162,76.78996666666667,79.35196666666667,78.04323333333333,80.96496666666667,82.39156666666666,80.95933333333333,80.74493333333334,77.95433333333334,79.02106666666667,77.59253333333334
2034,DJF,77.52343333333333,75.92023333333333,79.3281,79.07766666666667,84.4462,81.24149999999999,80.63029999999999,79.2063,74.87106666666666,77.19983333333333,76.89176666666667
2034,MAM,80.88226666666667,78.68546666666667,82.39043333333332,84.51429999999999,88.23853333333334,85.59190000000001,86.55293333333333,80.8041,76.26253333333334,80.419,80.92963333333334
2034,JJA,79.9672,80.26190000000001,81.61986666666667,82.8289,83.4373,81.78163333333333,83.5797,79.23243333333333,75.10296666666666,80.31323333333334,80.55290000000001
2034,SON,78.94433333333335,78.14493333333333,80.00573333333334,79.88453333333332,80.25466666666667,79.19083333333333,80.6919,77.82626666666667,73.67713333333334,78.09973333333333,78.5539
2035,DJF,79.72386666666667,78.3827,82.45803333333333,76.75366666666666,79.70786666666667,77.45743333333333,81.81583333333333,77.25070000000001,73.29036666666667,75.7146,76.91883333333334
2035,MAM,83.75433333333334,86.1044,87.98853333333334,78.74493333333334,82.66713333333333,80.48946666666667,84.84596666666665,80.90766666666667,73.6315,78.13863333333333,78.68796666666667
2035,JJA,84.09570000000001,83.91556666666666,84.2665,77.74483333333333,82.03546666666666,78.61006666666667,85.57770000000001,81.63873333333333,72.82496666666667,77.8496,81.04626666666667
2035,SON,81.14606666666667,80.49759999999999,81.04386666666666,75.9468,79.3811,76.67923333333333,83.40013333333333,79.46140000000001,74.32796666666667,76.03553333333333,78.99806666666667
2036,DJF,80.4823,77.84913333333334,77.60603333333334,76.68419999999999,77.59696666666666,78.01723333333332,83.18283333333333,76.38763333333333,75.46886666666667,75.64813333333332,78.3705
2036,MAM,84.80916666666667,78.46383333333334,79.6674,83.23436666666667,80.2897,82.47996666666667,83.1533,76.7949,76.98316666666666,80.30876666666667,81.98843333333333
2036,JJA,82.29953333333333,80.61613333333334,78.42306666666667,83.55926666666666,80.51976666666667,83.27106666666667,81.49503333333332,76.41486666666667,78.20333333333333,79.241,81.67896666666667
2036,SON,79.5465,79.06393333333334,76.52113333333334,80.41256666666668,78.2682,82.7815,80.4115,74.97670000000001,79.01783333333333,77.20883333333335,80.00613333333332
2037,DJF,78.25670000000001,78.62123333333334,77.31246666666668,78.45966666666668,75.89536666666667,80.87533333333333,86.6213,77.01646666666666,78.80693333333333,78.46683333333334,80.06396666666667
2037,MAM,81.66003333333333,82.59649999999999,81.57513333333334,82.21236666666665,77.47103333333332,86.26343333333334,89.10363333333333,82.6763,76.7629,84.44016666666666,85.5808
2037,JJA,80.90286666666667,80.85379999999999,82.48156666666667,81.75226666666667,77.18663333333333,82.12053333333334,86.75736666666667,81.92943333333334,76.0994,83.02876666666667,84.66656666666667
2037,SON,78.71756666666666,80.32236666666667,80.46593333333334,79.17383333333333,75.4736,79.51086666666667,88.43733333333334,80.19966666666666,75.89496666666666,80.00873333333334,80.90433333333333
2038,DJF,75.26979999999999,78.78536666666666,80.54406666666667,78.18796666666667,75.2888,79.63573333333333,84.17923333333333,77.3768,84.12496666666667,78.74040000000001,78.02996666666667
2038,MAM,76.28966666666666,81.27516666666666,87.77209999999998,82.02143333333333,77.16463333333333,81.52483333333333,86.62973333333333,79.80919999999999,86.0953,84.04736666666668,79.79520000000001
2038,JJA,75.01283333333333,80.9935,83.41586666666666,82.6348,78.56843333333333,82.89946666666667,85.36286666666666,79.0314,83.1949,83.94606666666667,80.8694
2038,SON,73.5823,80.49196666666667,80.222,79.76899999999999,78.93176666666666,81.7483,82.43310000000001,77.05556666666666,81.24523333333333,80.7888,78.93286666666667
2039,DJF,73.98346666666667,77.72283333333333,81.20606666666667,77.5124,76.3082,83.1198,80.58833333333332,77.71136666666666,83.02473333333333,78.90820000000001,78.5467
2039,MAM,78.78553333333333,79.59623333333333,83.973,80.06836666666668,77.89963333333333,88.10503333333334,84.90396666666668,79.88696666666667,88.46883333333334,84.01463333333334,84.29326666666667
2039,JJA,80.60066666666667,80.08353333333334,84.57283333333334,80.97813333333333,77.00256666666667,83.9023,83.84609999999999,77.84056666666667,84.66463333333333,82.176,84.73253333333334
2039,SON,78.32786666666667,77.91706666666666,83.44433333333333,78.62166666666667,75.33226666666667,81.86496666666666,81.118,76.0279,80.89013333333334,79.46433333333333,80.93963333333333
2040,DJF,76.50959999999999,76.34983333333334,83.94516666666667,77.50796666666668,75.3984,79.8616,79.59356666666666,76.30833333333334,77.81313333333334,78.36103333333334,81.19966666666666
2040,MAM,76.70013333333333,79.1378,89.30026666666667,79.69233333333334,80.80673333333333,81.70966666666668,82.2629,80.99833333333333,81.141,83.48793333333333,85.89973333333334
2040,JJA,75.93916666666667,80.13850000000001,84.66373333333333,79.61023333333333,81.1995,82.85603333333334,80.11366666666667,83.4527,79.57983333333333,81.47116666666666,84.21853333333333
2040,SON,76.18633333333334,78.25746666666667,80.9713,77.5693,78.7788,80.8243,78.6828,80.62493333333333,77.48993333333333,78.9704,80.66273333333334
2041,DJF,79.61126666666667,76.3162,80.63693333333333,81.319,78.23316666666666,80.24123333333334,78.306,77.2145,79.75296666666667,77.90746666666666,79.6671
2041,MAM,85.32339999999999,77.42516666666667,85.90963333333333,84.85923333333334,79.34776666666666,85.0193,82.4207,77.79246666666667,81.837,77.88233333333334,86.03316666666666
2041,JJA,83.27596666666666,78.5068,84.2761,84.15053333333333,83.617,83.48346666666667,80.12593333333332,77.00133333333333,79.73146666666666,76.7055,83.23823333333333
2041,SON,80.4449,77.59933333333333,83.96940000000001,81.22636666666666,80.81496666666666,80.64876666666667,77.93849999999999,75.35629999999999,82.26023333333333,75.93616666666667,80.1891
2042,DJF,79.90016666666666,74.33116666666668,83.08890000000001,83.34226666666666,78.1116,83.50026666666666,75.7405,80.56463333333333,80.62423333333334,82.17316666666666,79.55456666666667
2042,MAM,85.45996666666667,74.75866666666667,88.21613333333333,91.76033333333334,81.09976666666667,88.50993333333334,77.88813333333333,82.7564,82.68876666666667,88.18066666666668,83.9413
2042,JJA,82.27323333333334,73.4126,85.699,86.70896666666665,80.21736666666668,85.4694,77.14156666666666,81.15746666666666,80.06923333333333,83.94116666666667,83.62966666666667
2042,SON,79.80380000000001,72.15016666666666,83.7881,81.88416666666667,78.18386666666667,82.51389999999999,75.61113333333333,81.20836666666666,77.89306666666666,80.71353333333333,80.82076666666667
2043,DJF,79.31543333333333,71.40806666666667,82.55810000000001,78.81543333333333,77.69586666666667,80.4257,76.71813333333334,80.8561,77.77803333333334,78.46249999999999,79.59213333333334
2043,MAM,85.9619,73.4699,84.71390000000001,82.5112,80.40143333333333,83.65206666666667,80.44323333333334,85.36196666666666,82.87246666666668,82.54050000000001,81.88193333333334
2043,JJA,84.2043,72.90893333333334,81.76233333333333,81.51146666666666,81.7823,80.77246666666666,79.29316666666666,85.1533,80.6521,80.48303333333332,86.43303333333334
2043,SON,81.19096666666667,72.61806666666666,80.38486666666667,79.00003333333333,79.7708,79.68866666666666,79.99846666666667,81.14113333333334,78.35703333333333,78.22326666666667,83.40010000000001
2044,DJF,79.33813333333333,71.06026666666666,80.5349,78.5619,82.07799999999999,78.80126666666666,77.9116,82.45936666666667,78.02843333333334,78.41443333333332,80.6255
2044,MAM,82.8396,71.54986666666667,86.09586666666667,82.70903333333332,87.57459999999999,83.20253333333334,80.84816666666667,89.72803333333333,81.8023,84.2754,84.31273333333333
2044,JJA,81.34173333333334,70.69806666666666,87.11076666666668,82.6742,82.85210000000001,82.23123333333334,81.24893333333334,83.73746666666666,80.8456,81.63986666666666,85.13619999999999
2044,SON,78.95643333333334,69.69046666666667,82.60003333333333,79.92623333333334,79.889,80.50786666666667,79.14229999999999,80.4012,78.50693333333334,79.09103333333333,82.14796666666666
2045,DJF,83.2572,75.99646666666666,80.31413333333334,76.82786666666668,78.17326666666666,78.28573333333333,80.35256666666668,77.4597,78.93633333333334,77.85746666666667,79.71703333333333
2045,MAM,87.31876666666666,81.86023333333334,81.89030000000001,78.23396666666666,78.32613333333333,81.8325,83.06213333333334,79.58326666666666,84.67426666666667,83.71583333333334,84.33843333333333
2045,JJA,83.14216666666667,80.04623333333333,85.77406666666667,78.47966666666666,79.99146666666667,81.86806666666666,83.4377,78.8113,81.75946666666665,81.49096666666667,82.25343333333333
2045,SON,80.0702,77.87383333333334,84.05309999999999,76.5813,79.86736666666667,79.42043333333334,81.9112,76.85036666666667,79.17533333333334,78.98513333333334,79.50953333333334
2046,DJF,78.81406666666668,76.07396666666666,84.2152,77.24693333333333,82.46913333333333,79.05606666666667,81.9287,79.9375,78.573,77.88940000000001,77.5877
2046,MAM,82.08293333333333,79.4095,88.8684,85.40286666666667,87.33086666666667,84.6407,84.51416666666667,86.0551,84.58330000000001,79.49506666666667,81.01543333333333
2046,JJA,81.88933333333334,79.02913333333333,84.98156666666667,85.08013333333334,83.23356666666668,82.51723333333332,81.55386666666666,83.95106666666668,83.87383333333334,79.08736666666665,80.33193333333334
2046,SON,79.56516666666666,77.20556666666666,82.58993333333333,81.0922,81.16256666666668,79.7109,81.62756666666667,80.5269,80.48566666666666,77.3602,78.29046666666666
2047,DJF,77.95190000000001,77.02613333333333,82.00776666666667,78.62310000000001,78.47166666666666,80.08786666666667,78.6741,79.0976,78.92316666666666,78.0115,79.18156666666667
2047,MAM,83.02573333333333,77.60323333333334,86.1066,80.66956666666665,80.2266,82.57653333333333,79.5124,86.10419999999999,81.51133333333333,81.00353333333334,82.9487
2047,JJA,80.90596666666666,78.78636666666667,85.29306666666666,83.76793333333335,79.78803333333333,80.64696666666667,78.07583333333334,82.31443333333333,81.37373333333333,81.53666666666668,82.34176666666667
2047,SON,78.57493333333333,79.67996666666666,82.72506666666668,80.55373333333334,77.6616,78.35226666666667,76.80016666666667,79.54946666666666,80.19813333333333,80.61266666666667,82.77666666666666
2048,DJF,78.88263333333333,81.63656666666667,80.72673333333334,79.04553333333332,77.80739999999999,77.54116666666667,79.94959999999999,77.6055,80.47180000000002,78.71303333333334,80.29379999999999
2048,MAM,85.41186666666665,83.49996666666667,81.80186666666667,81.33943333333333,81.62049999999999,80.1673,84.76299999999999,82.62373333333333,86.49653333333333,83.43156666666665,84.54073333333334
2048,JJA,83.2044,82.52036666666667,82.98903333333332,81.1605,82.21513333333333,80.6483,83.41403333333334,80.99566666666666,82.8747,82.32516666666668,84.7057
2048,SON,80.1017,79.89059999999999,80.9174,79.10790000000001,79.88013333333333,80.07376666666666,84.4753,78.62053333333334,79.90273333333333,79.8968,81.54213333333333
2049,DJF,78.40066666666667,80.68583333333333,78.07053333333333,79.6361,79.40433333333333,79.41546666666666,81.5997,77.40570000000001,77.53930000000001,76.8528,79.53316666666666
2049,MAM,82.32626666666667,83.28666666666668,79.77926666666667,84.31966666666666,85.16713333333333,82.90906666666666,82.41016666666667,75.80056666666667,78.93266666666666,78.9444,81.31703333333333
2049,JJA,82.76093333333334,82.27120000000001,78.69189999999999,85.2774,83.5543,83.11280000000001,83.8633,78.86283333333333,80.79673333333334,77.9722,82.24073333333332
2049,SON,80.086,84.0146,76.97043333333333,81.50823333333334,80.3053,81.45973333333333,82.76979999999999,80.71233333333333,78.95446666666666,76.1398,82.19873333333334
2050,DJF,80.26096666666666,80.12966666666667,78.64460000000001,80.2856,78.7117,79.3403,80.12973333333333,77.8744,77.9722,75.17263333333334,78.56663333333334
2050,MAM,83.89966666666668,81.9134,83.383,85.77443333333333,82.05483333333333,83.54233333333333,84.43236666666667,80.15266666666666,80.25113333333333,78.29293333333334,80.68443333333333
2050,JJA,80.89103333333334,80.46553333333333,82.37036666666667,82.81596666666667,81.96730000000001,80.82553333333333,81.7795,80.32333333333334,78.35866666666666,79.18573333333333,79.41199999999999
2050,SON,78.54116666666665,78.31920000000001,81.18246666666667,80.18703333333333,79.427,78.49096666666667,79.28953333333334,78.0967,77.86733333333333,77.1735,77.35056666666667
2051,DJF,76.2083,78.62433333333333,84.06403333333333,79.77433333333333,80.48206666666667,77.24243333333334,76.45433333333334,76.22043333333333,77.47766666666666,75.79236666666667,76.9123
2051,MAM,75.90886666666667,82.3855,88.33793333333334,84.65056666666668,85.61923333333334,78.52563333333335,77.53216666666667,78.6045,80.8723,79.00376666666666,80.08890000000001
2051,JJA,78.01493333333333,81.2256,83.72116666666666,85.49203333333332,82.2548,77.68,77.53346666666667,76.89616666666667,78.71923333333334,78.69283333333334,82.5406
2051,SON,76.83333333333333,79.5343,80.39463333333333,81.61386666666667,80.03563333333334,78.18036666666666,75.84559999999999,75.68533333333333,76.7701,76.74816666666668,80.15693333333333
2052,DJF,76.8467,78.88753333333334,83.31826666666667,83.23783333333334,80.38016666666667,77.87976666666667,76.26633333333334,77.84436666666666,77.73826666666666,76.8968,79.9755
2052,MAM,80.0149,81.67703333333334,88.6749,83.9351,87.29393333333333,81.96966666666667,80.30846666666666,84.7357,83.20793333333334,81.26633333333332,84.03566666666667
2052,JJA,83.04690000000001,81.75123333333333,83.678,80.87666666666667,84.21216666666668,80.95456666666666,79.29703333333333,82.20866666666667,82.90276666666666,80.52516666666666,84.01846666666667
2052,SON,80.9892,81.11343333333333,80.5204,78.62603333333333,80.65753333333333,78.62033333333333,77.4997,80.12336666666666,80.5098,78.3309,81.31173333333334
2053,DJF,78.3843,82.53476666666667,80.73433333333332,83.54020000000001,79.84103333333333,76.6789,80.26263333333334,78.58986666666668,80.3108,75.94863333333333,80.76993333333333
2053,MAM,81.19166666666666,88.27366666666667,83.93706666666667,87.76886666666667,83.5834,79.3902,81.42273333333333,79.62146666666666,84.68176666666666,78.22436666666667,84.9192
2053,JJA,79.6177,84.76886666666667,83.1031,82.7341,81.1592,78.82933333333334,82.27730000000001,83.27243333333332,83.70906666666667,78.3909,81.71476666666666
2053,SON,77.88546666666667,82.66776666666667,80.0628,79.8165,79.23393333333333,77.00373333333333,81.21746666666667,80.6888,80.904,76.49310000000001,79.43556666666666
2054,DJF,77.1501,80.48506666666667,82.0222,77.3976,77.78523333333334,77.84546666666667,83.4267,78.3116,80.10673333333334,75.27396666666667,81.7991
2054,MAM,81.82543333333332,85.3369,87.86413333333333,80.3666,81.95370000000001,81.45273333333334,87.16306666666667,82.58156666666667,84.8326,79.03186666666666,90.97376666666666
2054,JJA,81.94593333333334,82.63063333333334,85.81580000000001,78.8915,84.26350000000001,80.7122,82.85666666666667,80.9513,82.78583333333334,78.77293333333334,87.28716666666666
2054,SON,79.31553333333333,79.75433333333332,81.81623333333333,76.91376666666666,80.70203333333333,79.01226666666666,79.892,79.14206666666666,80.19566666666667,76.81466666666667,82.09826666666667
2055,DJF,78.44016666666667,77.75266666666666,81.08756666666666,77.06203333333333,76.94233333333334,78.43643333333334,78.80933333333333,76.26836666666667,79.7085,76.902,79.3107
2055,MAM,83.16033333333333,77.8439,83.6751,79.72773333333333,78.36563333333334,80.78320000000001,81.06813333333334,77.66456666666666,88.06256666666667,79.5915,81.69600000000001
2055,JJA,82.20756666666666,77.80739999999999,81.95673333333333,79.0415,77.4194,79.0903,82.29946666666666,77.56556666666667,82.86919999999999,79.9671,81.24549999999999
2055,SON,79.62733333333334,77.7857,80.48346666666667,77.81626666666666,75.67043333333334,77.2462,80.06156666666668,75.8002,80.0515,79.7277,81.24983333333334
2056,DJF,78.09153333333335,77.37033333333333,80.85966666666667,81.07426666666667,75.71173333333333,79.34179999999999,82.63773333333333,75.76213333333334,81.76196666666667,78.4901,79.36923333333333
2056,MAM,80.8647,79.8228,85.97500000000001,86.54553333333332,78.47653333333334,83.85693333333334,90.83476666666667,79.9917,85.99643333333334,80.65966666666667,82.57406666666667
2056,JJA,80.56833333333333,77.8853,82.1518,86.15973333333334,80.00056666666667,81.62473333333334,84.87633333333333,78.58133333333335,85.07306666666666,79.13546666666666,82.8909
2056,SON,79.33376666666668,76.08056666666667,79.44286666666666,82.1701,78.6282,79.67153333333333,80.98916666666666,76.65383333333334,84.24793333333334,77.96013333333333,80.37716666666667
2057,DJF,80.57119999999999,74.35173333333334,80.59643333333334,79.43983333333334,77.95333333333333,79.24393333333333,82.5828,76.77173333333333,82.36283333333334,75.5446,78.91976666666666
2057,MAM,84.2761,75.1561,83.96566666666666,83.43599999999999,83.1178,82.00966666666666,87.51100000000001,81.2484,88.00383333333333,77.79313333333333,80.99073333333332
2057,JJA,81.7334,74.0638,83.96496666666667,84.71746666666667,83.01066666666667,80.9136,83.11913333333332,81.4967,87.24176666666666,76.7435,79.86213333333333
2057,SON,81.31656666666667,73.66166666666668,83.82,80.93053333333334,80.03723333333333,78.72653333333334,82.00143333333334,79.60533333333333,82.0285,75.2013,77.76333333333334
2058,DJF,78.98086666666667,76.4196,82.33376666666666,80.72403333333334,78.58409999999999,81.72386666666667,81.84043333333334,79.32010000000001,77.74233333333333,75.74833333333333,78.99933333333333
2058,MAM,80.01086666666667,80.96696666666666,88.22433333333333,82.9527,85.30253333333333,87.54006666666668,85.35756666666667,82.17576666666666,79.39596666666667,80.34326666666666,81.83513333333333
2058,JJA,81.06240000000001,83.18846666666667,84.67306666666667,85.71396666666668,83.2905,89.03590000000001,81.6167,82.82066666666667,78.06543333333333,79.13476666666666,80.46220000000001
2058,SON,78.69426666666668,80.39956666666667,81.89556666666668,82.66256666666666,80.3061,83.71446666666667,79.7897,79.89003333333334,76.21786666666667,78.09859999999999,82.01316666666666
2059,DJF,76.95346666666667,81.65563333333334,83.3934,85.66286666666667,78.29573333333333,81.16986666666666,78.88133333333333,78.7779,75.18586666666667,79.09133333333334,81.3633
2059,MAM,81.86786666666667,86.19273333333335,89.92656666666666,92.64096666666667,81.92620000000001,84.19113333333333,81.3835,83.07,77.44316666666667,83.89853333333333,84.43653333333333
2059,JJA,80.66893333333333,83.8722,90.37400000000001,85.2743,80.72356666666666,81.44563333333333,79.8944,82.644,79.29513333333334,83.06263333333334,84.17976666666667
2059,SON,78.37006666666667,81.786,84.92913333333333,81.1644,78.44106666666667,78.9611,78.44323333333334,80.80243333333333,77.27283333333332,82.22813333333333,82.8906
2060,DJF,78.32823333333333,79.39416666666666,81.7762,79.19263333333333,80.16876666666667,75.22446666666666,78.1571,77.16866666666667,77.27223333333333,79.65956666666666,82.13403333333333
2060,MAM,80.78693333333332,80.3197,87.57493333333333,84.33193333333332,87.14280000000001,75.8045,79.24286666666667,77.6924,82.339,82.5259,84.3519
2060,JJA,83.7095,79.39813333333333,85.00623333333333,83.04773333333334,84.06596666666667,74.39576666666666,80.99976666666667,77.17880000000001,84.06926666666668,83.06400000000001,85.51836666666667
2060,SON,80.4174,77.409,81.63279999999999,80.01356666666666,80.71943333333333,73.03413333333333,81.23126666666667,76.16823333333333,80.97833333333334,80.05,81.9695
2061,DJF,78.442,80.9088,81.13923333333334,76.4535,79.90903333333334,74.61833333333333,82.9896,75.56426666666667,79.32786666666667,80.09463333333333,80.48426666666667
2061,MAM,84.17110000000001,84.55853333333333,84.0476,78.0049,84.86593333333333,79.5611,85.37849999999999,79.82006666666666,83.7749,82.99626666666667,86.89150000000001
2061,JJA,83.67286666666666,81.88896666666666,81.49363333333334,76.72736666666667,82.13656666666667,79.95620000000001,84.4522,79.05906666666667,81.86163333333333,80.38636666666667,83.00026666666666
2061,SON,80.37043333333334,81.6542,82.54183333333333,75.0782,79.6483,79.00099999999999,82.70246666666667,77.5345,79.24596666666666,78.77653333333335,79.98020000000001
2062,DJF,78.69926666666667,80.88976666666667,81.95100000000001,76.47656666666667,77.3953,79.26706666666666,81.07866666666666,76.83526666666667,77.45133333333334,77.93256666666666,78.51606666666667
2062,MAM,82.79743333333333,86.4782,86.48073333333333,79.6629,79.16326666666667,82.19536666666667,82.7879,80.60416666666667,80.8929,82.8462,82.45556666666667
2062,JJA,84.70353333333334,82.57943333333333,82.60306666666666,81.11636666666668,79.7924,81.3283,81.01596666666667,79.71433333333333,79.70513333333334,80.8181,81.9324
2062,SON,81.03833333333334,80.86086666666667,82.54953333333333,79.03840000000001,78.48199999999999,80.56866666666666,80.56886666666666,77.77743333333332,77.66966666666667,78.48523333333334,80.53176666666667
2063,DJF,80.2746,78.64373333333333,81.12953333333333,76.60886666666666,80.021,78.34036666666667,80.26866666666666,75.10180000000001,80.55123333333334,77.47153333333334,80.09133333333334
2063,MAM,85.63683333333334,81.02653333333333,87.15350000000001,79.0339,88.33223333333335,80.3286,84.2992,76.48576666666668,84.1438,82.49413333333334,85.4078
2063,JJA,81.8147,79.5939,88.02593333333334,79.2845,85.2392,78.8019,83.47076666666668,75.93296666666667,82.84473333333334,80.54573333333333,84.01583333333333
2063,SON,79.21363333333333,78.43866666666666,83.14683333333333,77.37366666666667,81.16603333333333,77.12136666666667,80.3689,74.38933333333334,81.8322,78.2745,81.34443333333333
2064,DJF,78.66590000000001,78.63166666666666,83.3254,76.96246666666667,77.37683333333332,78.25943333333333,78.33283333333334,73.74579999999999,79.545,77.53893333333333,81.69156666666667
2064,MAM,81.1519,83.37776666666666,89.539,82.08376666666666,78.94986666666667,81.2936,80.9618,77.16029999999999,82.77393333333333,81.43856666666666,86.7727
2064,JJA,79.39633333333333,81.83200000000001,86.08766666666668,83.7751,77.31439999999999,80.30783333333333,82.75953333333332,76.2719,80.99843333333332,80.2821,83.26306666666666
2064,SON,79.16173333333334,79.37856666666666,84.05136666666667,80.47346666666667,75.5807,79.9028,79.91563333333333,75.23623333333335,79.5929,79.1496,80.1352
2065,DJF,77.48813333333334,81.03643333333333,79.24316666666667,79.33326666666666,74.49733333333334,78.42326666666666,78.13943333333333,76.56573333333334,77.89683333333333,78.61999999999999,78.41843333333334
2065,MAM,78.57043333333333,88.58003333333333,79.17126666666667,82.71676666666667,76.80656666666667,80.44536666666666,80.71586666666667,82.56706666666666,81.1193,81.67076666666667,81.32453333333333
2065,JJA,79.1598,83.19956666666667,78.69493333333334,84.37013333333333,75.79353333333334,80.88516666666668,81.46736666666668,81.1306,80.25789999999999,82.02903333333335,83.32116666666667
2065,SON,77.14596666666667,81.24433333333333,76.9196,81.07013333333333,74.9609,79.52026666666667,79.6886,78.83716666666668,78.0449,81.20076666666667,80.59913333333333
2066,DJF,76.16326666666667,82.16523333333333,81.64743333333332,78.14896666666667,76.47023333333333,80.43546666666667,78.85203333333334,78.7482,79.3523,78.21666666666667,78.7453
2066,MAM,78.83409999999999,86.44423333333333,86.44626666666666,79.38159999999999,79.82543333333334,86.9193,79.3246,84.21730000000001,88.09906666666666,80.78896666666667,78.03216666666667
2066,JJA,78.1509,82.51353333333333,83.97976666666666,80.76646666666666,83.0421,83.08086666666667,77.97590000000001,83.6136,84.81413333333334,79.75726666666667,79.01103333333333
2066,SON,78.53863333333334,79.67913333333333,83.23566666666666,78.4686,80.31806666666667,81.18616666666667,79.47816666666667,80.81676666666667,81.0776,77.63723333333333,79.58416666666666
2067,DJF,77.4642,79.23806666666667,81.2591,78.14413333333333,78.3328,81.12706666666666,79.1067,78.54293333333334,79.17313333333333,80.21313333333333,80.11
2067,MAM,81.36146666666667,83.44923333333334,85.25266666666666,83.80646666666667,82.34190000000001,80.49606666666666,82.37806666666667,78.5009,82.88306666666666,89.14089999999999,83.19796666666667
2067,JJA,79.89576666666666,80.90093333333334,85.54933333333334,82.2177,80.00599999999999,83.23496666666666,82.955,77.30303333333335,84.49416666666666,83.5194,81.10596666666667
2067,SON,77.7513,78.5487,81.7507,79.49763333333333,77.84106666666666,82.58426666666666,80.10216666666666,78.49426666666666,80.9019,80.28023333333333,78.7033
2068,DJF,79.46266666666666,76.76243333333333,82.89446666666667,79.79576666666667,76.82633333333334,80.44533333333334,77.8233,79.70433333333334,78.97946666666667,77.67076666666667,78.48573333333333
2068,MAM,84.97693333333333,80.91420000000001,87.61470000000001,83.67200000000001,79.55646666666667,82.79903333333333,81.64216666666667,84.75359999999999,83.127,76.30586666666666,81.91286666666666
2068,JJA,83.4003,80.1988,83.27850000000001,80.95346666666667,78.05926666666666,80.3896,80.88306666666666,82.32043333333333,82.09056666666667,75.25296666666667,81.55963333333334
2068,SON,81.7423,77.9972,80.74036666666666,78.58866666666667,76.50926666666668,78.83253333333333,78.53503333333333,80.41963333333332,79.402,76.907,80.61676666666666
2069,DJF,80.07196666666665,77.61773333333333,80.6579,78.40893333333334,77.7496,77.47616666666666,77.49853333333333,79.195,79.46493333333333,77.67373333333335,83.21013333333333
2069,MAM,84.60406666666667,79.14416666666666,84.27073333333334,85.43509999999999,82.65126666666667,80.09219999999999,80.83550000000001,80.1825,82.09186666666666,79.59503333333333,85.0702
2069,JJA,83.4194,83.21963333333333,83.4281,83.7102,82.84133333333334,79.0378,80.83436666666667,78.96233333333333,81.1692,81.25150000000001,81.30253333333333
2069,SON,80.23643333333332,80.7403,80.8528,80.67960000000001,80.39343333333333,77.15846666666665,78.79713333333333,77.65976666666667,81.2754,79.8906,80.57923333333333
2070,DJF,77.87060000000001,82.99296666666667,79.45273333333334,81.50463333333333,77.77843333333334,79.5603,83.3804,81.37806666666667,80.83363333333334,78.1148,84.05496666666666
2070,MAM,79.58083333333333,87.92169999999999,81.89113333333334,89.86996666666668,78.3065,84.04346666666667,88.89999999999999,88.29683333333332,84.05886666666667,81.618,86.51466666666666
2070,JJA,78.3482,86.4369,84.43383333333333,87.20826666666666,78.9857,82.41783333333333,83.8271,83.87543333333333,81.56033333333333,79.68599999999999,84.34076666666667
2070,SON,78.21476666666666,84.12669999999999,81.65976666666667,82.11606666666667,78.20843333333333,82.09473333333334,82.45553333333334,80.7609,79.0387,77.57593333333334,82.38459999999999
2071,DJF,78.44046666666667,81.48026666666665,79.41646666666666,83.82770000000001,79.36863333333334,80.58806666666668,83.85300000000001,79.99226666666667,76.74576666666667,77.24220000000001,79.73206666666667
2071,MAM,80.72173333333333,82.19946666666668,83.575,88.03523333333332,88.33956666666667,82.51453333333333,89.78236666666668,81.2656,78.44113333333333,82.2061,84.6821
2071,JJA,82.43553333333334,80.0006,81.00646666666667,86.21426666666666,85.58533333333332,81.47893333333333,83.18933333333332,81.16533333333332,78.17236666666666,83.3596,82.69933333333333
2071,SON,80.07373333333334,81.41156666666667,78.6287,82.13953333333333,81.85993333333333,80.8865,80.09073333333333,83.43566666666666,76.49686666666668,80.30953333333333,80.02476666666666
2072,DJF,82.36133333333333,80.56716666666667,78.31626666666666,81.20386666666667,79.61813333333333,82.28406666666666,79.31756666666666,81.10506666666667,80.5568,78.57339999999999,81.90616666666666
2072,MAM,85.28706666666666,84.37716666666667,78.22623333333333,88.60553333333333,85.68919999999999,87.3105,81.79453333333333,85.36243333333334,86.64626666666668,82.6164,88.3858
2072,JJA,83.04386666666666,82.1478,80.42953333333334,84.16996666666667,84.6311,82.90103333333333,80.05123333333334,86.9027,84.13246666666667,82.53966666666666,82.89943333333333
2072,SON,81.62056666666666,81.07563333333333,81.28716666666666,80.632,80.95816666666667,79.94046666666667,81.5911,81.86623333333334,83.673,81.17623333333334,79.97276666666666
2073,DJF,78.1669,82.42869999999999,83.01206666666667,79.85743333333333,78.77836666666667,77.08370000000001,80.50913333333334,81.06106666666666,85.3479,81.03770000000002,82.94553333333333
2073,MAM,80.49963333333334,83.9843,87.67349999999999,86.27820000000001,82.36626666666666,78.85950000000001,86.35873333333332,86.51623333333333,88.0421,85.97916666666667,88.9106
2073,JJA,79.0473,82.23886666666665,85.08036666666668,84.09396666666667,84.02866666666667,77.80250000000001,85.2281,82.8997,85.08103333333334,84.01076666666667,85.3109
2073,SON,77.2938,84.00033333333333,81.97306666666667,80.59953333333333,80.59333333333333,76.09726666666667,81.50766666666667,80.80526666666667,81.3857,83.34976666666667,83.62453333333333
2074,DJF,75.19500000000001,82.39453333333334,84.67233333333333,80.41786666666667,82.64246666666666,77.5693,79.8796,82.17416666666666,79.7285,81.22453333333334,81.7914
2074,MAM,77.56406666666668,86.45800000000001,89.1637,82.8839,85.0836,81.33893333333333,84.67626666666666,87.20643333333334,82.10323333333334,85.11083333333333,86.78983333333333
2074,JJA,77.02126666666666,82.6291,84.2054,83.05296666666668,81.99273333333333,81.34609999999999,82.07836666666667,83.27866666666667,80.76413333333333,81.44966666666666,86.16016666666667
2074,SON,75.3358,81.0908,80.8876,81.20966666666668,81.80776666666667,79.32783333333333,79.50473333333333,82.0172,81.18933333333334,78.95483333333334,82.0201
2075,DJF,75.5105,77.65006666666666,80.21266666666666,82.54323333333333,87.18983333333334,79.91629999999999,78.48923333333333,79.2934,77.5915,76.9692,81.5072
2075,MAM,78.90893333333334,77.80930000000001,86.69136666666667,85.55063333333332,88.29,86.0414,84.37036666666667,82.18386666666667,78.71556666666667,79.05053333333333,86.2863
2075,JJA,78.72493333333334,77.34856666666667,84.58046666666667,82.76133333333333,84.728,83.39296666666667,81.905,80.23593333333334,77.91506666666668,80.05753333333334,83.0911
2075,SON,76.82966666666665,76.16086666666666,81.8887,80.21846666666666,84.3245,80.21666666666665,79.28,78.02696666666667,76.30630000000001,78.3521,80.0954
2076,DJF,83.18536666666667,79.22796666666666,79.724,78.13246666666667,84.06313333333334,78.37726666666667,78.96596666666666,76.9395,75.55203333333333,79.16166666666668,78.70903333333332
2076,MAM,89.89376666666665,83.66199999999999,80.2543,82.37333333333333,90.69046666666667,80.5401,84.01976666666667,81.07063333333333,80.28566666666667,88.47863333333333,81.78163333333333
2076,JJA,85.00386666666667,82.1126,81.8403,81.54913333333333,84.596,78.89306666666666,85.318,80.78133333333334,79.8173,84.08153333333333,80.18143333333333
2076,SON,81.17256666666667,82.04243333333334,82.16609999999999,79.0318,81.41566666666667,77.60913333333333,82.41053333333333,78.46466666666667,77.68560000000001,80.58913333333334,79.76926666666667
2077,DJF,79.1318,81.9147,79.461,81.47953333333334,79.22283333333333,77.90476666666666,80.3621,78.91556666666668,76.498,79.5323,78.2165
2077,MAM,83.4874,87.86823333333332,81.10846666666667,92.91633333333334,83.28183333333334,80.24646666666666,84.70906666666667,85.1362,81.26926666666667,84.68883333333333,80.1137
2077,JJA,81.35146666666667,84.58116666666666,82.2546,87.7771,82.35103333333332,80.12186666666666,83.03143333333333,82.80113333333334,80.9852,83.43830000000001,79.69746666666667
2077,SON,79.30533333333334,81.58966666666667,79.5334,82.13826666666667,79.5773,79.8182,80.80716666666666,80.0193,78.61366666666667,80.95533333333333,78.70976666666667
2078,DJF,77.92363333333333,78.07906666666666,78.52673333333333,81.47973333333333,77.93759999999999,80.58743333333332,78.12196666666667,81.31033333333333,77.7889,80.97123333333333,77.76520000000001
2078,MAM,81.57956666666666,77.572,80.728,88.05056666666667,82.3454,83.6583,79.0935,85.71289999999999,77.84236666666666,86.97266666666667,79.68253333333332
2078,JJA,79.59626666666666,75.89393333333334,80.19933333333334,84.71963333333333,81.16263333333333,81.22019999999999,78.95,83.72813333333333,76.4569,83.47846666666668,80.53233333333334
2078,SON,77.50246666666668,76.66423333333334,78.27276666666667,80.94200000000001,78.74613333333333,78.89506666666666,77.05806666666666,80.78006666666666,77.1571,81.03316666666667,78.28293333333333
2079,DJF,75.85493333333334,75.4508,77.5835,80.25676666666666,78.04180000000001,81.7944,75.04013333333334,77.94083333333333,83.06436666666666,79.11226666666666,78.46816666666666
2079,MAM,79.2887,75.02289999999999,83.08413333333333,82.10063333333333,80.75573333333334,84.99226666666667,76.6676,80.16206666666666,86.31363333333333,85.41666666666667,82.34403333333334
2079,JJA,78.7047,74.5011,82.44023333333332,81.1599,80.75426666666668,81.9732,76.12060000000001,80.61183333333334,84.14603333333334,83.08916666666666,86.73970000000001
2079,SON,76.76076666666667,74.78543333333333,80.07586666666667,78.78866666666666,78.50353333333334,79.4391,74.55813333333333,78.3397,80.95173333333334,80.03250000000001,83.74723333333334
2080,DJF,75.0879,77.84813333333334,80.13876666666665,78.30356666666667,76.79723333333334,76.5838,76.67963333333334,78.7977,78.2409,80.1557,80.82833333333333
2080,MAM,78.39816666666667,81.8637,83.22523333333334,81.41713333333333,78.97973333333333,77.05853333333333,81.68313333333333,83.15803333333334,80.96153333333334,87.03446666666666,86.4174
2080,JJA,77.2307,83.00506666666666,82.0711,80.05243333333333,77.72063333333334,77.1841,80.3512,81.3593,79.3904,83.60286666666667,82.74236666666667
2080,SON,75.50959999999999,81.8648,81.6581,77.9509,75.92626666666666,75.47873333333332,79.05523333333333,78.8899,78.35656666666667,80.3339,80.40023333333333
